{
  "accuracy": 0.9478106551736627,
  "f1_macro": 0.903328368467099,
  "f1_weighted": 0.9449964997657473,
  "confusion_matrix": [
    [
      10247,
      9,
      1,
      0,
      0,
      0,
      0,
      0,
      1,
      0,
      13,
      2,
      0,
      0,
      1,
      0,
      0,
      0,
      0,
      0,
      3,
      0,
      0
    ],
    [
      0,
      1424,
      0,
      0,
      0,
      0,
      0,
      0,
      0,
      0,
      0,
      0,
      0,
      0,
      0,
      0,
      0,
      0,
      0,
      0,
      0,
      0,
      0
    ],
    [
      0,
      0,
      991,
      0,
      0,
      0,
      0,
      0,
      0,
      0,
      0,
      0,
      0,
      0,
      2,
      0,
      0,
      0,
      0,
      0,
      0,
      0,
      10
    ],
    [
      0,
      0,
      0,
      944,
      0,
      0,
      0,
      0,
      0,
      0,
      2,
      0,
      0,
      0,
      1,
      0,
      0,
      0,
      0,
      0,
      0,
      1,
      1
    ],
    [
      0,
      0,
      0,
      0,
      948,
      0,
      0,
      0,
      0,
      0,
      0,
      0,
      0,
      0,
      0,
      0,
      0,
      0,
      0,
      0,
      0,
      0,
      0
    ],
    [
      2,
      8,
      0,
      0,
      0,
      892,
      1,
      1,
      1,
      0,
      2,
      3,
      0,
      5,
      0,
      0,
      0,
      0,
      0,
      0,
      0,
      0,
      1
    ],
    [
      0,
      0,
      0,
      4,
      0,
      0,
      709,
      189,
      0,
      3,
      0,
      0,
      0,
      0,
      2,
      0,
      0,
      0,
      0,
      1,
      0,
      0,
      1
    ],
    [
      0,
      0,
      0,
      0,
      0,
      0,
      276,
      678,
      0,
      0,
      0,
      0,
      0,
      0,
      0,
      0,
      0,
      0,
      0,
      0,
      0,
      0,
      0
    ],
    [
      0,
      0,
      0,
      0,
      0,
      0,
      0,
      0,
      891,
      0,
      2,
      0,
      0,
      0,
      0,
      0,
      0,
      0,
      0,
      0,
      0,
      2,
      1
    ],
    [
      0,
      0,
      1,
      6,
      1,
      0,
      0,
      0,
      0,
      883,
      1,
      0,
      0,
      1,
      0,
      0,
      0,
      0,
      0,
      0,
      0,
      0,
      1
    ],
    [
      0,
      0,
      4,
      3,
      0,
      0,
      0,
      3,
      0,
      0,
      857,
      0,
      0,
      0,
      10,
      0,
      0,
      0,
      0,
      3,
      0,
      0,
      17
    ],
    [
      0,
      0,
      1,
      0,
      0,
      0,
      0,
      0,
      2,
      0,
      0,
      862,
      0,
      0,
      0,
      0,
      0,
      0,
      0,
      6,
      1,
      0,
      0
    ],
    [
      0,
      0,
      0,
      0,
      0,
      0,
      6,
      7,
      0,
      0,
      0,
      0,
      452,
      0,
      0,
      74,
      0,
      0,
      0,
      318,
      0,
      0,
      5
    ],
    [
      0,
      0,
      1,
      0,
      2,
      0,
      0,
      0,
      0,
      0,
      0,
      0,
      0,
      816,
      0,
      0,
      0,
      0,
      0,
      0,
      0,
      39,
      1
    ],
    [
      0,
      0,
      3,
      0,
      0,
      0,
      0,
      0,
      0,
      0,
      5,
      5,
      0,
      0,
      827,
      0,
      0,
      0,
      0,
      0,
      1,
      0,
      0
    ],
    [
      0,
      0,
      0,
      0,
      1,
      0,
      0,
      0,
      0,
      0,
      0,
      0,
      19,
      1,
      0,
      660,
      0,
      1,
      0,
      3,
      0,
      0,
      0
    ],
    [
      0,
      0,
      0,
      0,
      0,
      0,
      0,
      0,
      0,
      0,
      0,
      0,
      0,
      0,
      0,
      0,
      592,
      0,
      0,
      0,
      0,
      0,
      0
    ],
    [
      0,
      0,
      0,
      0,
      0,
      0,
      0,
      0,
      0,
      0,
      0,
      0,
      0,
      0,
      0,
      0,
      0,
      592,
      1,
      0,
      0,
      0,
      0
    ],
    [
      0,
      0,
      0,
      0,
      0,
      1,
      0,
      0,
      0,
      0,
      0,
      0,
      0,
      0,
      0,
      0,
      0,
      0,
      570,
      0,
      0,
      0,
      0
    ],
    [
      0,
      0,
      0,
      0,
      0,
      0,
      0,
      0,
      0,
      0,
      0,
      0,
      0,
      0,
      0,
      0,
      0,
      0,
      0,
      516,
      0,
      0,
      0
    ],
    [
      0,
      0,
      0,
      0,
      0,
      0,
      0,
      0,
      0,
      0,
      0,
      0,
      0,
      0,
      0,
      0,
      0,
      0,
      0,
      0,
      418,
      0,
      0
    ],
    [
      0,
      0,
      0,
      0,
      0,
      0,
      0,
      0,
      0,
      4,
      0,
      0,
      0,
      288,
      0,
      2,
      0,
      0,
      0,
      1,
      0,
      99,
      2
    ],
    [
      0,
      0,
      2,
      0,
      1,
      0,
      0,
      0,
      1,
      6,
      10,
      0,
      0,
      0,
      5,
      0,
      4,
      1,
      2,
      3,
      0,
      2,
      302
    ]
  ],
  "classification_report": {
    "0": {
      "precision": 0.9998048590106352,
      "recall": 0.9970808601732023,
      "f1-score": 0.9984410016564358,
      "support": 10277.0
    },
    "1": {
      "precision": 0.9882026370575989,
      "recall": 1.0,
      "f1-score": 0.9940663176265271,
      "support": 1424.0
    },
    "2": {
      "precision": 0.9870517928286853,
      "recall": 0.9880358923230309,
      "f1-score": 0.9875435974090683,
      "support": 1003.0
    },
    "3": {
      "precision": 0.9864158829676071,
      "recall": 0.9947312961011591,
      "f1-score": 0.9905561385099685,
      "support": 949.0
    },
    "4": {
      "precision": 0.9947534102833159,
      "recall": 1.0,
      "f1-score": 0.997369805365597,
      "support": 948.0
    },
    "5": {
      "precision": 0.9988801791713325,
      "recall": 0.9737991266375546,
      "f1-score": 0.986180210060807,
      "support": 916.0
    },
    "6": {
      "precision": 0.7147177419354839,
      "recall": 0.7799779977997799,
      "f1-score": 0.7459231983166754,
      "support": 909.0
    },
    "7": {
      "precision": 0.7722095671981777,
      "recall": 0.710691823899371,
      "f1-score": 0.740174672489083,
      "support": 954.0
    },
    "8": {
      "precision": 0.9944196428571429,
      "recall": 0.9944196428571429,
      "f1-score": 0.9944196428571429,
      "support": 896.0
    },
    "9": {
      "precision": 0.9854910714285714,
      "recall": 0.9876957494407159,
      "f1-score": 0.9865921787709497,
      "support": 894.0
    },
    "10": {
      "precision": 0.9607623318385651,
      "recall": 0.955406911928651,
      "f1-score": 0.9580771380659586,
      "support": 897.0
    },
    "11": {
      "precision": 0.9885321100917431,
      "recall": 0.9885321100917431,
      "f1-score": 0.9885321100917431,
      "support": 872.0
    },
    "12": {
      "precision": 0.9596602972399151,
      "recall": 0.5243619489559165,
      "f1-score": 0.6781695423855963,
      "support": 862.0
    },
    "13": {
      "precision": 0.7344734473447345,
      "recall": 0.9499417927823051,
      "f1-score": 0.8284263959390863,
      "support": 859.0
    },
    "14": {
      "precision": 0.9752358490566038,
      "recall": 0.9833531510107015,
      "f1-score": 0.9792776791000593,
      "support": 841.0
    },
    "15": {
      "precision": 0.8967391304347826,
      "recall": 0.9635036496350365,
      "f1-score": 0.9289232934553132,
      "support": 685.0
    },
    "16": {
      "precision": 0.9932885906040269,
      "recall": 1.0,
      "f1-score": 0.9966329966329966,
      "support": 592.0
    },
    "17": {
      "precision": 0.9966329966329966,
      "recall": 0.9983136593591906,
      "f1-score": 0.9974726200505476,
      "support": 593.0
    },